CODE,NAME,COMMENT,LAST UPDATE,BIG THEME,SOURCE ACRONYM,SOURCE,SOURCE URL,FREQUENCY,MEASURE,UNIT,SERIES STATUS,THEME CODE,COUNTRY,NUMERICA
HOMIC,Número de homicídios,"Óbito por causa externa ou não-natural. Fonte: MS/SVS/CGIAE - Sistema de Informações sobre Mortalidade - SIM. Para o período de 1979 a 1995 foram considerados os códigos CIDs 9: E960-E978 (Homicídios e lesões provocadas intencionalmente outras pessoas) e E990-E999 (Intervenções legais).De 1996 em diante, foram utilizados os códigos CIDs 10: X85-Y09 (agressão) e Y35 (intervenção legal). Critério de seleção: Óbitos por residência. <p>
    Para acessar outras desagregações, utilize os atalhos a seguir:
    <a href=http://www.ipeadata.gov.br/ExibeSerieR.aspx?stub=1&serid=1611149386&MINDATA=2015&MAXDATA=2025&TNIVID=0&TPAID=1&module=R>Brasil</a> |
    <a href=http://www.ipeadata.gov.br/ExibeSerieR.aspx?stub=1&serid=1611149386&MINDATA=2015&MAXDATA=2025&TNIVID=1&TPAID=1&module=R>por Região</a> |
    <a href=http://www.ipeadata.gov.br/ExibeSerieR.aspx?stub=1&serid=1611149386&MINDATA=2015&MAXDATA=2025&TNIVID=2&TPAID=1&module=R>por UF</a> |
    <a href=http://www.ipeadata.gov.br/ExibeSerieR.aspx?stub=1&serid=1611149386&MINDATA=2015&MAXDATA=2025&TNIVID=5&TPAID=98&module=R>por Capitais</a>.

<p> <a href=http://www.ipeadata.gov.br/ExibeSerieR.aspx?stub=1&serid=1611149387&MINDATA=2015&MAXDATA=2025&TNIVID=0&TPAID=1&module=R>Mulheres</a> |
    <a href=http://www.ipeadata.gov.br/ExibeSerieR.aspx?stub=1&serid=1611149390&MINDATA=2015&MAXDATA=2025&TNIVID=0&TPAID=1&module=R>Homens</a> |
    <a href=http://www.ipeadata.gov.br/ExibeSerieR.aspx?stub=1&serid=1611149389&MINDATA=2015&MAXDATA=2025&TNIVID=0&TPAID=1&module=R>Jovens</a> |
    <a href=http://www.ipeadata.gov.br/ExibeSerieR.aspx?stub=1&serid=1611149388&MINDATA=2015&MAXDATA=2025&TNIVID=0&TPAID=1&module=R>Jovens (Mulheres)</a> |
    <a href=http://www.ipeadata.gov.br/ExibeSerieR.aspx?stub=1&serid=1611149391&MINDATA=2015&MAXDATA=2025&TNIVID=0&TPAID=1&module=R>Jovens (Homens)</a>.

<p> <a href=""https://www.ipea.gov.br/atlasviolencia/filtros-series"" target=""_blank"">Referência: Atlas da Violência</a>

<p> <a href=""http://www.ipeadata.gov.br/Default.aspx"" target=""_blank"">Ipeadata - Página principal</a>.",2025-02-27T11:29:09.957-03:00,Regional,DATASUS,DATASUS – Site SUS (Sistema Único de Saúde).,www.datasus.gov.br,Anual,Unidade,,,20,BRA,True
HOMICF,Número de homicídios do sexo feminino,"Óbito por causa externa ou não-natural.Fonte: MS/SVS/CGIAE - Sistema de Informações sobre Mortalidade - SIM
Para o período de 1979 a 1995 considera os códigos CIDs 9: E960-E978 (Homicídios e lesões provocadas intencionalmente outras pessoas) e E990-E999 (Intervenções legais).
Considera os códigos CIDs 10: X85-Y09 (agressão) e Y35 (intervenção legal).
Critério de seleção: Óbitos por residência. Observação: Considera apenas o sexo feminino.<p>
    Para acessar outras desagregações, utilize os atalhos a seguir:
    <a href=http://www.ipeadata.gov.br/ExibeSerieR.aspx?stub=1&serid=1611149387&MINDATA=2015&MAXDATA=2025&TNIVID=0&TPAID=1&module=R>Brasil</a> |
    <a href=http://www.ipeadata.gov.br/ExibeSerieR.aspx?stub=1&serid=1611149387&MINDATA=2015&MAXDATA=2025&TNIVID=1&TPAID=1&module=R>por Região</a> |
    <a href=http://www.ipeadata.gov.br/ExibeSerieR.aspx?stub=1&serid=1611149387&MINDATA=2015&MAXDATA=2025&TNIVID=2&TPAID=1&module=R>por UF</a> |
    <a href=http://www.ipeadata.gov.br/ExibeSerieR.aspx?stub=1&serid=1611149387&MINDATA=2015&MAXDATA=2025&TNIVID=5&TPAID=98&module=R>por Capitais</a>.

<p> <a href=http://www.ipeadata.gov.br/ExibeSerieR.aspx?stub=1&serid=1611149386&MINDATA=2015&MAXDATA=2025&TNIVID=0&TPAID=1&module=R>Série principal</a>

<p> <a href=""https://www.ipea.gov.br/atlasviolencia/filtros-series"" target=""_blank"">Referência: Atlas da Violência</a>

<p> <a href=""http://www.ipeadata.gov.br/Default.aspx"" target=""_blank"">Ipeadata - Página principal</a>.
",2025-02-27T11:29:19.16-03:00,Regional,DATASUS,DATASUS – Site SUS (Sistema Único de Saúde).,www.datasus.gov.br,Anual,Unidade,,,20,BRA,True
HOMICFJ,Número de homicídios de jovens de 15 a 29 anos do sexo feminino,"Óbito por causa externa ou não-natural.Fonte: MS/SVS/CGIAE - Sistema de Informações sobre Mortalidade - SIM
Para o período de 1979 a 1995 considera os códigos CIDs 9: E960-E978 (Homicídios e lesões provocadas intencionalmente outras pessoas) e E990-E999 (Intervenções legais).
Considera os códigos CIDs 10: X85-Y09 (agressão) e Y35 (intervenção legal).
Critério de seleção: Óbitos por residência. Observação: Considera os óbitos da faixa etária de 15 a 29 anos do sexo feminino.<p>
    Para acessar outras desagregações, utilize os atalhos a seguir:
    <a href=http://www.ipeadata.gov.br/ExibeSerieR.aspx?stub=1&serid=1611149388&MINDATA=2015&MAXDATA=2025&TNIVID=0&TPAID=1&module=R>Brasil</a> |
    <a href=http://www.ipeadata.gov.br/ExibeSerieR.aspx?stub=1&serid=1611149388&MINDATA=2015&MAXDATA=2025&TNIVID=1&TPAID=1&module=R>por Região</a> |
    <a href=http://www.ipeadata.gov.br/ExibeSerieR.aspx?stub=1&serid=1611149388&MINDATA=2015&MAXDATA=2025&TNIVID=2&TPAID=1&module=R>por UF</a> |
    <a href=http://www.ipeadata.gov.br/ExibeSerieR.aspx?stub=1&serid=1611149388&MINDATA=2015&MAXDATA=2025&TNIVID=5&TPAID=98&module=R>por Capitais</a>.

<p> <a href=http://www.ipeadata.gov.br/ExibeSerieR.aspx?stub=1&serid=1611149386&MINDATA=2015&MAXDATA=2025&TNIVID=0&TPAID=1&module=R>Série principal</a>

<p> <a href=""https://www.ipea.gov.br/atlasviolencia/filtros-series"" target=""_blank"">Referência: Atlas da Violência</a>

<p> <a href=""http://www.ipeadata.gov.br/Default.aspx"" target=""_blank"">Ipeadata - Página principal</a>.
",2025-02-27T11:29:43-03:00,Regional,DATASUS,DATASUS – Site SUS (Sistema Único de Saúde).,www.datasus.gov.br,Anual,Unidade,,,20,BRA,True
HOMICJ,Número de homicídios de jovens de 15 a 29 anos,"Óbito por causa externa ou não-natural.Fonte: MS/SVS/CGIAE - Sistema de Informações sobre Mortalidade - SIM
Para o período de 1979 a 1995 considera os códigos CIDs 9: E960-E978 (Homicídios e lesões provocadas intencionalmente outras pessoas) e E990-E999 (Intervenções legais).
Considera os códigos CIDs 10: X85-Y09 (agressão) e Y35 (intervenção legal).
Critério de seleção: Óbitos por residência. Observação: Considera os óbitos da faixa etária de 15 a 29 anos sem distinção de gênero.<p>
    Para acessar outras desagregações, utilize os atalhos a seguir:
    <a href=http://www.ipeadata.gov.br/ExibeSerieR.aspx?stub=1&serid=1611149389&MINDATA=2015&MAXDATA=2025&TNIVID=0&TPAID=1&module=R>Brasil</a> |
    <a href=http://www.ipeadata.gov.br/ExibeSerieR.aspx?stub=1&serid=1611149389&MINDATA=2015&MAXDATA=2025&TNIVID=1&TPAID=1&module=R>por Região</a> |
    <a href=http://www.ipeadata.gov.br/ExibeSerieR.aspx?stub=1&serid=1611149389&MINDATA=2015&MAXDATA=2025&TNIVID=2&TPAID=1&module=R>por UF</a> |
    <a href=http://www.ipeadata.gov.br/ExibeSerieR.aspx?stub=1&serid=1611149389&MINDATA=2015&MAXDATA=2025&TNIVID=5&TPAID=98&module=R>por Capitais</a>.

<p> <a href=http://www.ipeadata.gov.br/ExibeSerieR.aspx?stub=1&serid=1611149386&MINDATA=2015&MAXDATA=2025&TNIVID=0&TPAID=1&module=R>Série principal</a>

<p> <a href=""https://www.ipea.gov.br/atlasviolencia/filtros-series"" target=""_blank"">Referência: Atlas da Violência</a>

<p> <a href=""http://www.ipeadata.gov.br/Default.aspx"" target=""_blank"">Ipeadata - Página principal</a>.
",2025-02-27T11:29:35.39-03:00,Regional,DATASUS,DATASUS – Site SUS (Sistema Único de Saúde).,www.datasus.gov.br,Anual,Unidade,,,20,BRA,True
HOMICM,Número de homicídios do sexo masculino,"Óbito por causa externa ou não-natural.Fonte: MS/SVS/CGIAE - Sistema de Informações sobre Mortalidade - SIM
Para o período de 1979 a 1995 considera os códigos CIDs 9: E960-E978 (Homicídios e lesões provocadas intencionalmente outras pessoas) e E990-E999 (Intervenções legais).
Considera os códigos CIDs 10: X85-Y09 (agressão) e Y35 (intervenção legal).
Critério de seleção: Óbitos por residência. Observação: Considera apenas o sexo masculino.<p>
    Para acessar outras desagregações, utilize os atalhos a seguir:
    <a href=http://www.ipeadata.gov.br/ExibeSerieR.aspx?stub=1&serid=1611149390&MINDATA=2015&MAXDATA=2025&TNIVID=0&TPAID=1&module=R>Brasil</a> |
    <a href=http://www.ipeadata.gov.br/ExibeSerieR.aspx?stub=1&serid=1611149390&MINDATA=2015&MAXDATA=2025&TNIVID=1&TPAID=1&module=R>por Região</a> |
    <a href=http://www.ipeadata.gov.br/ExibeSerieR.aspx?stub=1&serid=1611149390&MINDATA=2015&MAXDATA=2025&TNIVID=2&TPAID=1&module=R>por UF</a> |
    <a href=http://www.ipeadata.gov.br/ExibeSerieR.aspx?stub=1&serid=1611149390&MINDATA=2015&MAXDATA=2025&TNIVID=5&TPAID=98&module=R>por Capitais</a>.

<p> <a href=http://www.ipeadata.gov.br/ExibeSerieR.aspx?stub=1&serid=1611149386&MINDATA=2015&MAXDATA=2025&TNIVID=0&TPAID=1&module=R>Série principal</a>

<p> <a href=""https://www.ipea.gov.br/atlasviolencia/filtros-series"" target=""_blank"">Referência: Atlas da Violência</a>

<p> <a href=""http://www.ipeadata.gov.br/Default.aspx"" target=""_blank"">Ipeadata - Página principal</a>.",2025-02-27T11:29:27.473-03:00,Regional,DATASUS,DATASUS – Site SUS (Sistema Único de Saúde).,www.datasus.gov.br,Anual,Unidade,,,20,BRA,True
HOMICMJ,Número de homicídios de jovens de 15 a 29 anos do sexo masculino,"Óbito por causa externa ou não-natural.Fonte: MS/SVS/CGIAE - Sistema de Informações sobre Mortalidade - SIM
Para o período de 1979 a 1995 considera os códigos CIDs 9: E960-E978 (Homicídios e lesões provocadas intencionalmente outras pessoas) e E990-E999 (Intervenções legais).
Considera os códigos CIDs 10: X85-Y09 (agressão) e Y35 (intervenção legal).
Critério de seleção: Óbitos por residência. Observação: Considera os óbitos da faixa etária de 15 a 29 anos do sexo masculino.<p>
    Para acessar outras desagregações, utilize os atalhos a seguir:
    <a href=http://www.ipeadata.gov.br/ExibeSerieR.aspx?stub=1&serid=1611149391&MINDATA=2015&MAXDATA=2025&TNIVID=0&TPAID=1&module=R>Brasil</a> |
    <a href=http://www.ipeadata.gov.br/ExibeSerieR.aspx?stub=1&serid=1611149391&MINDATA=2015&MAXDATA=2025&TNIVID=1&TPAID=1&module=R>por Região</a> |
    <a href=http://www.ipeadata.gov.br/ExibeSerieR.aspx?stub=1&serid=1611149391&MINDATA=2015&MAXDATA=2025&TNIVID=2&TPAID=1&module=R>por UF</a> |
    <a href=http://www.ipeadata.gov.br/ExibeSerieR.aspx?stub=1&serid=1611149391&MINDATA=2015&MAXDATA=2025&TNIVID=5&TPAID=98&module=R>por Capitais</a>.

<p> <a href=http://www.ipeadata.gov.br/ExibeSerieR.aspx?stub=1&serid=1611149386&MINDATA=2015&MAXDATA=2025&TNIVID=0&TPAID=1&module=R>Série principal</a>

<p> <a href=""https://www.ipea.gov.br/atlasviolencia/filtros-series"" target=""_blank"">Referência: Atlas da Violência</a>

<p> <a href=""http://www.ipeadata.gov.br/Default.aspx"" target=""_blank"">Ipeadata - Página principal</a>.
",2025-02-27T11:29:52.253-03:00,Regional,DATASUS,DATASUS – Site SUS (Sistema Único de Saúde).,www.datasus.gov.br,Anual,Unidade,,,20,BRA,True
THOMIC,Taxa de homicídios (100.000 Habitantes),"Óbito por causa externa ou não-natural, indiferente do tempo entre o evento lesivo e a morte propriamente, é categorizado como consequente de lesão provocada por violência (acidentes, homicídios, suicídios ou morte suspeita). Neste caso, a taxa por 100.000 habitantes é calculada através da divisão do indicador principal (número de homicídios) pelo total da população em questão, sendo este resultado multiplicado por 100.000. Fonte: Os dados originais são provenientes do SIM-DATASUS. Até 1995 as informações são do CID9. A partir de 1996 são do CID10. Elaboração Ipeadata: Cálculo da Taxa, divisão do grupo populacional multiplicado por 100.000 pela população de referência. Mais informações: Texto para Discussão IPEA 1848 e Declaração de Óbito (PDF).",2025-05-23T16:15:13.15-03:00,Regional,IPEA,Instituto de Pesquisa Econômica Aplicada,www.ipea.gov.br,Anual,(%),,,20,BRA,True
THOMICF,Taxa de homicídios do sexo feminino (100.000 Habitantes),"Óbito por causa externa ou não-natural, indiferente do tempo entre o evento lesivo e a morte propriamente, é categorizado como consequente de lesão provocada por violência (acidentes, homicídios, suicídios ou morte suspeita). Neste caso, a taxa por 100.000 habitantes é calculada através da divisão do indicador principal (número de homicídios do sexo feminino) pelo total da população em questão, sendo este resultado multiplicado por 100.000. Fonte: Os dados originais são provenientes do SIM-DATASUS. Até 1995 as informações são do CID9. A partir de 1996 são do CID10. Elaboração Ipeadata: Cálculo da Taxa, divisão do grupo populacional multiplicado por 100.000 pela população de referência. Mais informações: Texto para Discussão IPEA 1848 e Declaração de Óbito (PDF).",2025-05-23T16:29:39.85-03:00,Regional,IPEA,Instituto de Pesquisa Econômica Aplicada,www.ipea.gov.br,Anual,(%),,,20,BRA,True
THOMICFJ,Taxa de homicídios de jovens de 15 a 29 anos do sexo feminino (100.000 Habitantes),"Óbito por causa externa ou não-natural, indiferente do tempo entre o evento lesivo e a morte propriamente, é categorizado como consequente de lesão provocada por violência (acidentes, homicídios, suicídios ou morte suspeita). Neste caso, a taxa por 100.000 habitantes é calculada através da divisão do indicador principal (número de homicídios de jovens de 15 a 29 anos do sexo feminino) pelo total da população em questão, sendo este resultado multiplicado por 100.000. Fonte: Os dados originais são provenientes do SIM-DATASUS. Até 1995 as informações são do CID9. A partir de 1996 são do CID10. Elaboração Ipeadata: Cálculo da Taxa, divisão do grupo populacional multiplicado por 100.000 pela população de referência. Mais informações: Texto para Discussão IPEA 1848 e Declaração de Óbito (PDF).",2025-05-23T16:44:13.75-03:00,Regional,IPEA,Instituto de Pesquisa Econômica Aplicada,www.ipea.gov.br,Anual,(%),,,20,BRA,True
THOMICJ,Taxa de homicídios de jovens de 15 a 29 anos (100.000 Habitantes),"Óbito por causa externa ou não-natural, indiferente do tempo entre o evento lesivo e a morte propriamente, é categorizado como consequente de lesão provocada por violência (acidentes, homicídios, suicídios ou morte suspeita). Neste caso, a taxa por 100.000 habitantes é calculada através da divisão do indicador principal (número de homicídios de jovens de 15 a 29 anos) pelo total da população em questão, sendo este resultado multiplicado por 100.000. Fonte: Os dados originais são provenientes do SIM-DATASUS. Até 1995 as informações são do CID9. A partir de 1996 são do CID10. Elaboração Ipeadata: Cálculo da Taxa, divisão do grupo populacional multiplicado por 100.000 pela população de referência. Mais informações: Texto para Discussão IPEA 1848 e Declaração de Óbito (PDF).",2025-05-23T16:58:45.99-03:00,Regional,IPEA,Instituto de Pesquisa Econômica Aplicada,www.ipea.gov.br,Anual,(%),,,20,BRA,True
THOMICM,Taxa de homicídios do sexo masculino (100.000 Habitantes),"Óbito por causa externa ou não-natural, indiferente do tempo entre o evento lesivo e a morte propriamente, é categorizado como consequente de lesão provocada por violência (acidentes, homicídios, suicídios ou morte suspeita). Neste caso, a taxa por 100.000 habitantes é calculada através da divisão do indicador principal (número de homicídios do sexo masculino) pelo total da população em questão, sendo este resultado multiplicado por 100.000. Fonte: Os dados originais são provenientes do SIM-DATASUS. Até 1995 as informações são do CID9. A partir de 1996 são do CID10. Elaboração Ipeadata: Cálculo da Taxa, divisão do grupo populacional multiplicado por 100.000 pela população de referência. Mais informações: Texto para Discussão IPEA 1848 e Declaração de Óbito (PDF).",2025-05-23T16:59:00.44-03:00,Regional,IPEA,Instituto de Pesquisa Econômica Aplicada,www.ipea.gov.br,Anual,(%),,,20,BRA,True
THOMICMJ,Taxa de homicídios de jovens de 15 a 29 anos do sexo masculino (100.000 Habitantes),"Óbito por causa externa ou não-natural, indiferente do tempo entre o evento lesivo e a morte propriamente, é categorizado como consequente de lesão provocada por violência (acidentes, homicídios, suicídios ou morte suspeita). Neste caso, a taxa por 100.000 habitantes é calculada através da divisão do indicador principal (número de homicídios de jovens de 15 a 29 anos do sexo masculino) pelo total da população em questão, sendo este resultado multiplicado por 100.000. Fonte: Os dados originais são provenientes do SIM-DATASUS. Até 1995 as informações são do CID9. A partir de 1996 são do CID10. Elaboração Ipeadata: Cálculo da Taxa, divisão do grupo populacional multiplicado por 100.000 pela população de referência. Mais informações: Texto para Discussão IPEA 1848 e Declaração de Óbito (PDF).",2025-05-23T16:59:42.27-03:00,Regional,IPEA,Instituto de Pesquisa Econômica Aplicada,www.ipea.gov.br,Anual,(%),,,20,BRA,True
ACIDT,Número de vítimas a óbito em acidente de trânsito,"Óbito por causa externa ou não-natural. Fonte: MS/SVS/CGIAE - Sistema de Informações sobre Mortalidade - SIM
Para o período de 1979 a 1995 foram considerados os códigos CIDs 9: E800-E848 (Acidentes de estrada de ferro, Acidentes de trânsito de veículos a motor, Acidentes de veículos a motor exceto trânsito, Acidentes de outros veículos de estrada, Acidentes em transporte por água, Acidentes de transporte aéreo e espacial, Acidentes de veículos ñ classif em outra parte)
Foram utilizados a causa CID-BR 10: V01-V99 (Acidentes de Transporte).Critério de seleção: Óbitos por residência. <p>
    Para acessar outras desagregações, utilize os atalhos a seguir:
    <a href=http://www.ipeadata.gov.br/ExibeSerieR.aspx?stub=1&serid=1611149410&MINDATA=2015&MAXDATA=2025&TNIVID=0&TPAID=1&module=R>Brasil</a> |
    <a href=http://www.ipeadata.gov.br/ExibeSerieR.aspx?stub=1&serid=1611149410&MINDATA=2015&MAXDATA=2025&TNIVID=1&TPAID=1&module=R>por Região</a> |
    <a href=http://www.ipeadata.gov.br/ExibeSerieR.aspx?stub=1&serid=1611149410&MINDATA=2015&MAXDATA=2025&TNIVID=2&TPAID=1&module=R>por UF</a> |
    <a href=http://www.ipeadata.gov.br/ExibeSerieR.aspx?stub=1&serid=1611149410&MINDATA=2015&MAXDATA=2025&TNIVID=5&TPAID=98&module=R>por Capitais</a>.

<p> <a href=""https://www.ipea.gov.br/atlasviolencia/filtros-series"" target=""_blank"">Referência: Atlas da Violência</a>

<p> <a href=""http://www.ipeadata.gov.br/Default.aspx"" target=""_blank"">Ipeadata - Página principal</a>.",2025-02-27T13:45:11.053-03:00,Regional,DATASUS,DATASUS – Site SUS (Sistema Único de Saúde).,www.datasus.gov.br,Anual,Unidade,,,20,BRA,True
ACIDTF,Número de vítimas a óbito em acidente de trânsito do sexo feminino,"Óbito por causa externa ou não-natural, indiferente do tempo entre o evento lesivo e a morte propriamente, é categorizado como consequente de lesão provocada por violência (acidentes, homicídios, suicídios ou morte suspeita). Para cada ano será mostrado o número de óbitos por causas não naturais. Neste caso, trata-se do número de vítimas por acidentes de trânsito. Números pertencentes ao sexo feminino. Fonte: Os dados originais são provenientes do SIM-DATASUS. Até 1995 as informações são do CID9. A partir de 1996 são do CID10. Mais informações: Declaração de Óbito (PDF).",2025-02-27T13:45:18.777-03:00,Regional,DATASUS,DATASUS – Site SUS (Sistema Único de Saúde).,www.datasus.gov.br,Anual,Unidade,,,20,BRA,True
ACIDTFJ,Número de vítimas a óbito em acidente de trânsito de jovens de 15 a 29 anos do sexo feminino,"Para o período de 1979 a 1995 foram considerados os códigos CIDs 9: E800-E848 (Acidentes de estrada de ferro, Acidentes de trânsito de veículos a motor, Acidentes de veículos a motor exceto trânsito, Acidentes de outros veículos de estrada, Acidentes em transporte por água, Acidentes de transporte aéreo e espacial, Acidentes de veículos ñ classif em outra parte). Foram considerados os óbitos femininos para os indivíduos da faixa etária de 15 a 29 anos.
Foram utilizados a causa CID-BR- 10: V01-V99 (Acidentes de Transporte).Fonte: MS/SVS/CGIAE - Sistema de Informações sobre Mortalidade - SIM
Óbitos por residência.
",2025-02-27T13:45:39.953-03:00,Regional,DATASUS,DATASUS – Site SUS (Sistema Único de Saúde).,www.datasus.gov.br,Anual,Unidade,,,20,BRA,True
ACIDTJ,Número de vítimas a óbito em acidente de trânsito de jovens de 15 a 29 anos,"Para o período de 1979 a 1995 foram considerados os códigos CIDs 9: E800-E848 (Acidentes de estrada de ferro, Acidentes de trânsito de veículos a motor, Acidentes de veículos a motor exceto trânsito, Acidentes de outros veículos de estrada, Acidentes em transporte por água, Acidentes de transporte aéreo e espacial, Acidentes de veículos não classificado em outra parte).
Foram utilizados a causa CID-BR- 10: V01-V99 (Acidentes de Transporte).
Óbitos por residência. Mais informações: Declaração de Óbito (PDF).",2025-02-27T13:45:33.93-03:00,Regional,DATASUS,DATASUS – Site SUS (Sistema Único de Saúde).,www.datasus.gov.br,Anual,Unidade,,,20,BRA,True
ACIDTM,Número de vítimas a óbito em acidente de trânsito do sexo masculino,"Óbito por causa externa ou não-natural, indiferente do tempo entre o evento lesivo e a morte propriamente, é categorizado como consequente de lesão provocada por violência (acidentes, homicídios, suicídios ou morte suspeita). Para cada ano será mostrado o número de óbitos por causas não naturais. Neste caso, trata-se do número de vítimas por acidentes de trânsito. Números pertencentes ao sexo masculino. Fonte: Os dados originais são provenientes do SIM-DATASUS. Até 1995 as informações são do CID9. A partir de 1996 são do CID10. Mais informações: Declaração de Óbito (PDF).",2025-02-27T13:45:26.493-03:00,Regional,DATASUS,DATASUS – Site SUS (Sistema Único de Saúde).,www.datasus.gov.br,Anual,Unidade,,,20,BRA,True
ACIDTMJ,Número de vítimas a óbito em acidente de trânsito de jovens de 15 a 29 anos do sexo masculino,"Óbito por causa externa ou não-natural, indiferente do tempo entre o evento lesivo e a morte propriamente, é categorizado como consequente de lesão provocada por violência (acidentes, homicídios, suicídios ou morte suspeita). Para cada ano será mostrado o número de óbitos por causas não naturais. Neste caso, trata-se do número de vítimas por acidentes de trânsito. Números pertencentes a jovens de 15 a 29 anos, do sexo masculino. Fonte: Os dados originais são provenientes do SIM-DATASUS. Até 1995 as informações são do CID9. A partir de 1996 são do CID10. Mais informações: Declaração de Óbito (PDF).",2025-02-27T13:45:44.133-03:00,Regional,DATASUS,DATASUS – Site SUS (Sistema Único de Saúde).,www.datasus.gov.br,Anual,Unidade,,,20,BRA,True
TACIDT,Taxa de vítimas de acidentes de trânsito a óbito (100.000 Habitantes),"Óbito por causa externa ou não-natural, indiferente do tempo entre o evento lesivo e a morte propriamente, é categorizado como consequente de lesão provocada por violência (acidentes, homicídios, suicídios ou morte suspeita). Neste caso, a taxa por 100.000 habitantes é calculada através da divisão do indicador principal (número de óbitos por acidente de trânsito) pelo total da população em questão, sendo este resultado multiplicado por 100.000. Fonte: Os dados originais são provenientes do SIM-DATASUS. Até 1995 as informações são do CID9. A partir de 1996 são do CID10. Elaboração Ipeadata: Cálculo da Taxa, divisão do grupo populacional multiplicado por 100.000 pela população de referência. Mais informações: Texto para Discussão IPEA 1848 e Declaração de Óbito (PDF).",2025-05-23T15:42:16.217-03:00,Regional,IPEA,Instituto de Pesquisa Econômica Aplicada,www.ipea.gov.br,Anual,(%),,,20,BRA,True
TACIDTF,Taxa de vítimas de acidentes de trânsito a óbito do sexo feminino (100.000 Habitantes),"Óbito por causa externa ou não-natural, indiferente do tempo entre o evento lesivo e a morte propriamente, é categorizado como consequente de lesão provocada por violência (acidentes, homicídios, suicídios ou morte suspeita). Neste caso, a taxa por 100.000 habitantes é calculada através da divisão do indicador principal (número de óbitos por acidente de trânsito do sexo feminino) pelo total da população em questão, sendo este resultado multiplicado por 100.000. Fonte: Os dados originais são provenientes do SIM-DATASUS. Até 1995 as informações são do CID9. A partir de 1996 são do CID10. Elaboração Ipeadata: Cálculo da Taxa, divisão do grupo populacional multiplicado por 100.000 pela população de referência. Mais informações: Texto para Discussão IPEA 1848 e Declaração de Óbito (PDF).",2025-05-23T15:42:31.713-03:00,Regional,IPEA,Instituto de Pesquisa Econômica Aplicada,www.ipea.gov.br,Anual,(%),,,20,BRA,True
TACIDTFJ,Taxa de vítimas de acidentes de trânsito a óbito de jovens de 15 a 29 anos do sexo feminino (100.000 Habitantes),"Óbito por causa externa ou não-natural, indiferente do tempo entre o evento lesivo e a morte propriamente, é categorizado como consequente de lesão provocada por violência (acidentes, homicídios, suicídios ou morte suspeita). Neste caso, a taxa por 100.000 habitantes é calculada através da divisão do indicador principal (número de óbitos por acidente de trânsito de jovens de 15 a 29 anos do sexo feminino) pelo total da população em questão, sendo este resultado multiplicado por 100.000. Fonte: Os dados originais são provenientes do SIM-DATASUS. Até 1995 as informações são do CID9. A partir de 1996 são do CID10. Elaboração Ipeadata: Cálculo da Taxa, divisão do grupo populacional multiplicado por 100.000 pela população de referência. Mais informações: Texto para Discussão IPEA 1848 e Declaração de Óbito (PDF).",2025-05-23T15:43:13.197-03:00,Regional,IPEA,Instituto de Pesquisa Econômica Aplicada,www.ipea.gov.br,Anual,(%),,,20,BRA,True
TACIDTJ,Taxa de vítimas de acidentes de trânsito a óbito  de jovens de 15 a 29 anos (100.000 Habitantes),"Óbito por causa externa ou não-natural, indiferente do tempo entre o evento lesivo e a morte propriamente, é categorizado como consequente de lesão provocada por violência (acidentes, homicídios, suicídios ou morte suspeita). Neste caso, a taxa por 100.000 habitantes é calculada através da divisão do indicador principal (número de óbitos por acidente de trânsito de jovens de 15 a 29 anos) pelo total da população em questão, sendo este resultado multiplicado por 100.000. Fonte: Os dados originais são provenientes do SIM-DATASUS. Até 1995 as informações são do CID9. A partir de 1996 são do CID10. Elaboração Ipeadata: Cálculo da Taxa, divisão do grupo populacional multiplicado por 100.000 pela população de referência. Mais informações: Texto para Discussão IPEA 1848 e Declaração de Óbito (PDF).",2025-05-23T15:45:18.69-03:00,Regional,IPEA,Instituto de Pesquisa Econômica Aplicada,www.ipea.gov.br,Anual,(%),,,20,BRA,True
TACIDTM,Taxa de vítimas de acidentes de trânsito a óbito do sexo masculino (100.000 Habitantes),"Óbito por causa externa ou não-natural, indiferente do tempo entre o evento lesivo e a morte propriamente, é categorizado como consequente de lesão provocada por violência (acidentes, homicídios, suicídios ou morte suspeita). Neste caso, a taxa por 100.000 habitantes é calculada através da divisão do indicador principal (número de óbitos por acidente de trânsito do sexo masculino) pelo total da população em questão, sendo este resultado multiplicado por 100.000. Fonte: Os dados originais são provenientes do SIM-DATASUS. Até 1995 as informações são do CID9. A partir de 1996 são do CID10. Elaboração Ipeadata: Cálculo da Taxa, divisão do grupo populacional multiplicado por 100.000 pela população de referência. Mais informações: Texto para Discussão IPEA 1848 e Declaração de Óbito (PDF).",2025-05-23T15:50:25.45-03:00,Regional,IPEA,Instituto de Pesquisa Econômica Aplicada,www.ipea.gov.br,Anual,(%),,,20,BRA,True
TACIDTMJ,Taxa de vítimas de acidentes de trânsito a óbito de jovens de 15 a 29 anos do sexo masculino (100.000 Habitantes),"Óbito por causa externa ou não-natural, indiferente do tempo entre o evento lesivo e a morte propriamente, é categorizado como consequente de lesão provocada por violência (acidentes, homicídios, suicídios ou morte suspeita). Neste caso, a taxa por 100.000 habitantes é calculada através da divisão do indicador principal (número de óbitos por acidente de trânsito de jovens de 15 a 29 anos do sexo masculino) pelo total da população em questão, sendo este resultado multiplicado por 100.000. Fonte: Os dados originais são provenientes do SIM-DATASUS. Até 1995 as informações são do CID9. A partir de 1996 são do CID10. Elaboração Ipeadata: Cálculo da Taxa, divisão do grupo populacional multiplicado por 100.000 pela população de referência. Mais informações: Texto para Discussão IPEA 1848 e Declaração de Óbito (PDF).",2025-05-23T16:00:20.713-03:00,Regional,IPEA,Instituto de Pesquisa Econômica Aplicada,www.ipea.gov.br,Anual,(%),,,20,BRA,True
DFDEFSE,Despesa por função - segurança pública e defesa nacional - empenhada - estadual,"A função expressa o maior nível de agregação das ações da administração pública, nas diversas áreas de despesa que competem ao setor público. Neste caso, refere-se a despesa com a função Segurança Pública e Defesa Nacional. Corresponde às despesas empenhadas, não considerando as intra-orçamentárias. Mais informações: Manual de Contabilidade Aplicado ao Setor Público, 8ª edição, Glossário do Tesouro Nacional e Manual de Demonstrativos Financeiros, 9ª edição.",2024-11-12T09:03:03.897-03:00,Regional,Min. Fazenda/STN,Ministério da Fazenda - Secretaria do Tesouro Nacional,www.stn.fazenda.gov.br,Anual,R$, ,,6,BRA,True
DFDEFSM,Despesa por função - segurança pública e defesa nacional - empenhada - municipal,"A função expressa o maior nível de agregação das ações da administração pública, nas diversas áreas de despesa que competem ao setor público. Neste caso, refere-se a despesa com a função Segurança Pública. Corresponde às despesas empenhadas, não considerando as intra-orçamentárias. Nota: O universo de municípios da tabela é definido pelo IBGE no levantamento censitário e não necessariamente coincide com aquele utilizado pelo STN ou oficialmente existente ou instalado na data de referência. Para os anos de 2002 a 2004 a diferença entre receita orçamentária e o somatório da receita corrente e receita de capital se deve às deduções relativas ao fundef. Assim, receita orçamentária = receita corrente (-) deduções receita corrente (+) receita de capital. Mais informações: Manual de Contabilidade Aplicado ao Setor Público, 8ª edição, Glossário do Tesouro Nacional e Manual de Demonstrativos Financeiros, 9ª edição.",2024-11-01T14:29:03.033-03:00,Regional,Min. Fazenda/STN,Ministério da Fazenda - Secretaria do Tesouro Nacional,www.stn.fazenda.gov.br,Anual,R$, ,,6,BRA,True
PNAD_IATOT,Domicílios com insegurança alimentar,"Distribuição percentual dos domicílios de acordo com a Escala Brasileira de Insegurança Alimentar (EBIA), refletindo o acesso dos moradores aos alimentos,tanto em quantidade suficiente, quanto em qualidade adequada. São classificadas em quatro categorias: segurança alimentar, que indica o acesso em quantidade e qualidade adequados, e três graus de insuficiência (leve, moderada e grave).
<p>Para acessar outras desagregações, utilize os atalhos a seguir:
<a href=http://www.ipeadata.gov.br/ExibeSerieR.aspx?stub=1&serid=2096727410&MINDATA=1970&MAXDATA=2030&TNIVID=0&TPAID=1&module=S>Brasil</a> |
<a href=http://www.ipeadata.gov.br/ExibeSerieR.aspx?stub=1&serid=2096727410&MINDATA=1970&MAXDATA=2030&TNIVID=1&TPAID=1&module=S>por Região</a> |
<a href=http://www.ipeadata.gov.br/ExibeSerieR.aspx?stub=1&serid=2096727410&MINDATA=1970&MAXDATA=2030&TNIVID=2&TPAID=1&module=S>por UF</a>. <p>
<p>por totais>
<a href=http://www.ipeadata.gov.br/ExibeSerieR.aspx?stub=1&serid=2096727407&MINDATA=1970&MAXDATA=2030&TNIVID=0&TPAID=1&module=S>com Segurança Alimentar</a>
<p><a href=""http://www.ipeadata.gov.br/Default.aspx"" target=""_blank"">Ipeadata - Página principal</a>.",2024-06-20T10:44:01.687-03:00,Social,IBGE/PNAD Contínua,"Instituto Brasileiro de Geografia e Estatística, Pesquisa Nacional por Amostra de Domicílios Contínua (IBGE/PNAD Contínua)",http://www.ibge.gov.br/home/estatistica/indicadores/trabalhoerendimento/pnad_continua/,Decenal,(%),,,41,,True
PNAD_IAGRV,Domicílios com insegurança alimentar grave,"Distribuição percentual dos domicílios de acordo com a Escala Brasileira de Insegurança Alimentar (EBIA), refletindo o acesso dos moradores aos alimentos,tanto em quantidade suficiente, quanto em qualidade adequada. São classificadas em quatro categorias: segurança alimentar, que indica o acesso em quantidade e qualidade adequados, e três graus de insuficiência (leve, moderada e grave).
<p>Para acessar outras desagregações, utilize os atalhos a seguir:
<a href=http://www.ipeadata.gov.br/ExibeSerieR.aspx?stub=1&serid=2096727419&MINDATA=1970&MAXDATA=2030&TNIVID=0&TPAID=1&module=S>Brasil</a> |
<a href=http://www.ipeadata.gov.br/ExibeSerieR.aspx?stub=1&serid=2096727419&MINDATA=1970&MAXDATA=2030&TNIVID=1&TPAID=1&module=S>por Região</a> |
<a href=http://www.ipeadata.gov.br/ExibeSerieR.aspx?stub=1&serid=2096727419&MINDATA=1970&MAXDATA=2030&TNIVID=2&TPAID=1&module=S>por UF</a>. <p>
<p>por totais>
<a href=http://www.ipeadata.gov.br/ExibeSerieR.aspx?stub=1&serid=2096727410&MINDATA=1970&MAXDATA=2030&TNIVID=0&TPAID=1&module=S>com Insegurança Alimentar Total</a> |  |
<a href=http://www.ipeadata.gov.br/ExibeSerieR.aspx?stub=1&serid=2096727407&MINDATA=1970&MAXDATA=2030&TNIVID=0&TPAID=1&module=S>com Segurança Alimentar</a>
<p><a href=""http://www.ipeadata.gov.br/Default.aspx"" target=""_blank"">Ipeadata - Página principal</a>.",2024-06-20T10:44:01.677-03:00,Social,IBGE/PNAD Contínua,"Instituto Brasileiro de Geografia e Estatística, Pesquisa Nacional por Amostra de Domicílios Contínua (IBGE/PNAD Contínua)",http://www.ibge.gov.br/home/estatistica/indicadores/trabalhoerendimento/pnad_continua/,Decenal,(%),,,111,,True
PNAD_IALEV,Domicílios com insegurança alimentar leve,"Distribuição percentual dos domicílios de acordo com a Escala Brasileira de Insegurança Alimentar (EBIA), refletindo o acesso dos moradores aos alimentos,tanto em quantidade suficiente, quanto em qualidade adequada. São classificadas em quatro categorias: segurança alimentar, que indica o acesso em quantidade e qualidade adequados, e três graus de insuficiência (leve, moderada e grave).
<p>Para acessar outras desagregações, utilize os atalhos a seguir:
<a href=http://www.ipeadata.gov.br/ExibeSerieR.aspx?stub=1&serid=2096727413&MINDATA=1970&MAXDATA=2030&TNIVID=0&TPAID=1&module=S>Brasil</a> |
<a href=http://www.ipeadata.gov.br/ExibeSerieR.aspx?stub=1&serid=2096727413&MINDATA=1970&MAXDATA=2030&TNIVID=1&TPAID=1&module=S>por Região</a> |
<a href=http://www.ipeadata.gov.br/ExibeSerieR.aspx?stub=1&serid=2096727413&MINDATA=1970&MAXDATA=2030&TNIVID=2&TPAID=1&module=S>por UF</a>. <p>
<p>por totais>
<a href=http://www.ipeadata.gov.br/ExibeSerieR.aspx?stub=1&serid=2096727410&MINDATA=1970&MAXDATA=2030&TNIVID=0&TPAID=1&module=S>com Insegurança Alimentar Total</a> |  |
<a href=http://www.ipeadata.gov.br/ExibeSerieR.aspx?stub=1&serid=2096727407&MINDATA=1970&MAXDATA=2030&TNIVID=0&TPAID=1&module=S>com Segurança Alimentar</a>
<p><a href=""http://www.ipeadata.gov.br/Default.aspx"" target=""_blank"">Ipeadata - Página principal</a>.",2024-06-20T10:44:01.68-03:00,Social,IBGE/PNAD Contínua,"Instituto Brasileiro de Geografia e Estatística, Pesquisa Nacional por Amostra de Domicílios Contínua (IBGE/PNAD Contínua)",http://www.ibge.gov.br/home/estatistica/indicadores/trabalhoerendimento/pnad_continua/,Decenal,(%),,,111,,True
PNAD_IAMOD,Domicílios com insegurança alimentar moderada,"Distribuição percentual dos domicílios de acordo com a Escala Brasileira de Insegurança Alimentar (EBIA), refletindo o acesso dos moradores aos alimentos,tanto em quantidade suficiente, quanto em qualidade adequada. São classificadas em quatro categorias: segurança alimentar, que indica o acesso em quantidade e qualidade adequados, e três graus de insuficiência (leve, moderada e grave).
<p>Para acessar outras desagregações, utilize os atalhos a seguir:
<a href=http://www.ipeadata.gov.br/ExibeSerieR.aspx?stub=1&serid=2096727416&MINDATA=1970&MAXDATA=2030&TNIVID=0&TPAID=1&module=S>Brasil</a> |
<a href=http://www.ipeadata.gov.br/ExibeSerieR.aspx?stub=1&serid=2096727416&MINDATA=1970&MAXDATA=2030&TNIVID=1&TPAID=1&module=S>por Região</a> |
<a href=http://www.ipeadata.gov.br/ExibeSerieR.aspx?stub=1&serid=2096727416&MINDATA=1970&MAXDATA=2030&TNIVID=2&TPAID=1&module=S>por UF</a>. <p>
<p>por totais>
<a href=http://www.ipeadata.gov.br/ExibeSerieR.aspx?stub=1&serid=2096727410&MINDATA=1970&MAXDATA=2030&TNIVID=0&TPAID=1&module=S>com Insegurança Alimentar Total</a> |  |
<a href=http://www.ipeadata.gov.br/ExibeSerieR.aspx?stub=1&serid=2096727407&MINDATA=1970&MAXDATA=2030&TNIVID=0&TPAID=1&module=S>com Segurança Alimentar</a>
<p><a href=""http://www.ipeadata.gov.br/Default.aspx"" target=""_blank"">Ipeadata - Página principal</a>.",2024-06-20T10:44:01.683-03:00,Social,IBGE/PNAD Contínua,"Instituto Brasileiro de Geografia e Estatística, Pesquisa Nacional por Amostra de Domicílios Contínua (IBGE/PNAD Contínua)",http://www.ibge.gov.br/home/estatistica/indicadores/trabalhoerendimento/pnad_continua/,Decenal,(%),,,111,,True
PNAD_SATOT,Domicílios com segurança alimentar,"Distribuição percentual dos domicílios de acordo com a Escala Brasileira de Insegurança Alimentar (EBIA), refletindo o acesso dos moradores aos alimentos,tanto em quantidade suficiente, quanto em qualidade adequada. São classificadas em quatro categorias: segurança alimentar, que indica o acesso em quantidade e qualidade adequados, e três graus de insuficiência (leve, moderada e grave).
<p>Para acessar outras desagregações, utilize os atalhos a seguir:
<a href=http://www.ipeadata.gov.br/ExibeSerieR.aspx?stub=1&serid=2096727407&MINDATA=1970&MAXDATA=2030&TNIVID=0&TPAID=1&module=S>Brasil</a> |
<a href=http://www.ipeadata.gov.br/ExibeSerieR.aspx?stub=1&serid=2096727407&MINDATA=1970&MAXDATA=2030&TNIVID=1&TPAID=1&module=S>por Região</a> |
<a href=http://www.ipeadata.gov.br/ExibeSerieR.aspx?stub=1&serid=2096727407&MINDATA=1970&MAXDATA=2030&TNIVID=2&TPAID=1&module=S>por UF</a>. <p>
<p> Insegurança Alimentar >
<a href=http://www.ipeadata.gov.br/ExibeSerieR.aspx?stub=1&serid=2096727410&MINDATA=1970&MAXDATA=2030&TNIVID=0&TPAID=1&module=S>Total</a> |
<a href=http://www.ipeadata.gov.br/ExibeSerieR.aspx?stub=1&serid=2096727419&MINDATA=1970&MAXDATA=2030&TNIVID=0&TPAID=1&module=S>Grave</a> |
<a href=http://www.ipeadata.gov.br/ExibeSerieR.aspx?stub=1&serid=2096727416&MINDATA=1970&MAXDATA=2030&TNIVID=0&TPAID=1&module=S>Moderada</a> |
<a href=http://www.ipeadata.gov.br/ExibeSerieR.aspx?stub=1&serid=2096727413&MINDATA=1970&MAXDATA=2030&TNIVID=0&TPAID=1&module=S>Leve</a>. <p>
<p><a href=""http://www.ipeadata.gov.br/Default.aspx"" target=""_blank"">Ipeadata - Página principal</a>.",2024-06-20T10:44:01.69-03:00,Social,IBGE/PNAD Contínua,"Instituto Brasileiro de Geografia e Estatística, Pesquisa Nacional por Amostra de Domicílios Contínua (IBGE/PNAD Contínua)",http://www.ibge.gov.br/home/estatistica/indicadores/trabalhoerendimento/pnad_continua/,Decenal,(%),,,111,,True
